{"cameraMode":{"drawMode":0,"name":"Shaded","section":"Shading Mode"},"sceneLighting":true,"audioPlay":false,"sceneViewState":{"m_AlwaysRefresh":false,"showFog":true,"showSkybox":true,"showFlares":true,"showImageEffects":true,"showParticleSystems":true,"showVisualEffectGraphs":true,"m_FxEnabled":true},"in2DMode":false,"pivot":{"x":0.11712813377380371,"y":-8.495438575744629,"z":-0.19264408946037293},"rotation":{"x":-0.021704012528061868,"y":0.8985570073127747,"z":-0.4360595941543579,"w":-0.04474763572216034},"size":11.38192081451416,"orthographic":false}